Step,FIFO_Page_Faults,FIFO_Hit_Ratio,LRU_Page_Faults,LRU_Hit_Ratio,Optimal_Page_Faults,Optimal_Hit_Ratio
1,29,0.03333333333333333,29,0.03333333333333333,29,0.03333333333333333
2,28,0.06666666666666667,28,0.06666666666666667,25,0.16666666666666666
3,27,0.1,27,0.1,22,0.26666666666666666
